Code,Country,Year,Percent
AFG,Afghanistan,2000,7.94
AFG,Afghanistan,2005,7.92
AFG,Afghanistan,2010,7.92
AFG,Afghanistan,2015,9
AFG,Afghanistan,2019,11.08
AFG,Afghanistan,2020,11.71
AFG,Afghanistan,2021,12.07
AFG,Afghanistan,2022,14.1
AFG,Afghanistan,2023,15.38
AGO,Angola,2000,16.56
AGO,Angola,2005,16.17
AGO,Angola,2010,16.55
AGO,Angola,2015,16.45
AGO,Angola,2019,16.5
AGO,Angola,2020,16.7
AGO,Angola,2021,15.8
AGO,Angola,2022,14.48
AGO,Angola,2023,14.22
ALB,Albania,2000,19.03
ALB,Albania,2005,15.97
ALB,Albania,2010,14.09
ALB,Albania,2015,17.19
ALB,Albania,2019,11.47
ALB,Albania,2020,12.83
ALB,Albania,2021,12.59
ALB,Albania,2022,11.63
ALB,Albania,2023,11.08
ARB,Arab World,2000,12.35
ARB,Arab World,2005,11.06
ARB,Arab World,2010,9.38
ARB,Arab World,2015,11.28
ARB,Arab World,2019,10.67
ARB,Arab World,2020,11.98
ARB,Arab World,2021,11.68
ARB,Arab World,2022,10.73
ARB,Arab World,2023,10.76
ARE,United Arab Emirates,2000,2.25
ARE,United Arab Emirates,2005,3.12
ARE,United Arab Emirates,2010,2.76
ARE,United Arab Emirates,2015,1.79
ARE,United Arab Emirates,2019,2.33
ARE,United Arab Emirates,2020,4.29
ARE,United Arab Emirates,2021,3.11
ARE,United Arab Emirates,2022,2.97
ARE,United Arab Emirates,2023,2.95
ARG,Argentina,2000,15
ARG,Argentina,2005,11.51
ARG,Argentina,2010,7.71
ARG,Argentina,2015,7.58
ARG,Argentina,2019,9.84
ARG,Argentina,2020,11.46
ARG,Argentina,2021,8.74
ARG,Argentina,2022,6.8
ARG,Argentina,2023,6.84
ARM,Armenia,2000,11.02
ARM,Armenia,2005,10.14
ARM,Armenia,2010,10.85
ARM,Armenia,2015,12.31
ARM,Armenia,2019,12.2
ARM,Armenia,2020,12.18
ARM,Armenia,2021,10.01
ARM,Armenia,2022,8.59
ARM,Armenia,2023,8.38
AUS,Australia,2000,6.29
AUS,Australia,2005,5.04
AUS,Australia,2010,5.21
AUS,Australia,2015,6.06
AUS,Australia,2019,5.16
AUS,Australia,2020,6.46
AUS,Australia,2021,5.12
AUS,Australia,2022,3.7
AUS,Australia,2023,3.62
AUT,Austria,2000,4.69
AUT,Austria,2005,5.68
AUT,Austria,2010,4.88
AUT,Austria,2015,5.8
AUT,Austria,2019,4.56
AUT,Austria,2020,5.2
AUT,Austria,2021,6.46
AUT,Austria,2022,4.99
AUT,Austria,2023,5.27
AZE,Azerbaijan,2000,11.78
AZE,Azerbaijan,2005,7.26
AZE,Azerbaijan,2010,5.63
AZE,Azerbaijan,2015,4.96
AZE,Azerbaijan,2019,5
AZE,Azerbaijan,2020,7.24
AZE,Azerbaijan,2021,6.04
AZE,Azerbaijan,2022,5.65
AZE,Azerbaijan,2023,5.64
BDI,Burundi,2000,3.29
BDI,Burundi,2005,3.24
BDI,Burundi,2010,1.6
BDI,Burundi,2015,1.52
BDI,Burundi,2019,1.03
BDI,Burundi,2020,1.03
BDI,Burundi,2021,1.14
BDI,Burundi,2022,0.91
BDI,Burundi,2023,0.86
BEL,Belgium,2000,6.59
BEL,Belgium,2005,8.44
BEL,Belgium,2010,8.29
BEL,Belgium,2015,8.48
BEL,Belgium,2019,5.36
BEL,Belgium,2020,5.55
BEL,Belgium,2021,6.26
BEL,Belgium,2022,5.56
BEL,Belgium,2023,5.54
BEN,Benin,2000,0.87
BEN,Benin,2005,0.88
BEN,Benin,2010,1.04
BEN,Benin,2015,1.81
BEN,Benin,2019,1.37
BEN,Benin,2020,1.62
BEN,Benin,2021,1.78
BEN,Benin,2022,1.48
BEN,Benin,2023,1.41
BFA,Burkina Faso,2000,2.72
BFA,Burkina Faso,2005,4
BFA,Burkina Faso,2010,3.74
BFA,Burkina Faso,2015,4.53
BFA,Burkina Faso,2019,4.71
BFA,Burkina Faso,2020,5.15
BFA,Burkina Faso,2021,5.36
BFA,Burkina Faso,2022,5.07
BFA,Burkina Faso,2023,5
BGD,Bangladesh,2000,3.27
BGD,Bangladesh,2005,4.25
BGD,Bangladesh,2010,3.38
BGD,Bangladesh,2015,4.38
BGD,Bangladesh,2019,4.38
BGD,Bangladesh,2020,5.32
BGD,Bangladesh,2021,5.25
BGD,Bangladesh,2022,4.27
BGD,Bangladesh,2023,4.19
BGR,Bulgaria,2000,16.22
BGR,Bulgaria,2005,10.08
BGR,Bulgaria,2010,10.28
BGR,Bulgaria,2015,9.14
BGR,Bulgaria,2019,4.23
BGR,Bulgaria,2020,5.12
BGR,Bulgaria,2021,5.27
BGR,Bulgaria,2022,4.27
BGR,Bulgaria,2023,4.18
BHR,Bahrain,2000,1.14
BHR,Bahrain,2005,1.05
BHR,Bahrain,2010,1.13
BHR,Bahrain,2015,1.17
BHR,Bahrain,2019,1.22
BHR,Bahrain,2020,1.79
BHR,Bahrain,2021,1.55
BHR,Bahrain,2022,1.34
BHR,Bahrain,2023,1.3
BHS,Bahamas,2000,7.24
BHS,Bahamas,2005,10.2
BHS,Bahamas,2010,14.43
BHS,Bahamas,2015,12
BHS,Bahamas,2019,9.93
BHS,Bahamas,2020,12.56
BHS,Bahamas,2021,11.58
BHS,Bahamas,2022,10.09
BHS,Bahamas,2023,9.5
BIH,Bosnia and Herzegovina,2000,25.48
BIH,Bosnia and Herzegovina,2005,30.21
BIH,Bosnia and Herzegovina,2010,27.31
BIH,Bosnia and Herzegovina,2015,27.69
BIH,Bosnia and Herzegovina,2019,15.69
BIH,Bosnia and Herzegovina,2020,15.87
BIH,Bosnia and Herzegovina,2021,14.9
BIH,Bosnia and Herzegovina,2022,12.66
BIH,Bosnia and Herzegovina,2023,11.83
BLR,Belarus,2000,12.17
BLR,Belarus,2005,8.74
BLR,Belarus,2010,6.05
BLR,Belarus,2015,5.88
BLR,Belarus,2019,4.16
BLR,Belarus,2020,4.05
BLR,Belarus,2021,3.9
BLR,Belarus,2022,3.57
BLR,Belarus,2023,3.47
BLZ,Belize,2000,10.81
BLZ,Belize,2005,10.91
BLZ,Belize,2010,8.42
BLZ,Belize,2015,7.58
BLZ,Belize,2019,9.05
BLZ,Belize,2020,10.62
BLZ,Belize,2021,10.16
BLZ,Belize,2022,8.67
BLZ,Belize,2023,8.22
BOL,Bolivia,2000,2.44
BOL,Bolivia,2005,2.6
BOL,Bolivia,2010,2.6
BOL,Bolivia,2015,3.11
BOL,Bolivia,2019,3.68
BOL,Bolivia,2020,7.9
BOL,Bolivia,2021,5.09
BOL,Bolivia,2022,3.55
BOL,Bolivia,2023,4.06
BRA,Brazil,2000,10.89
BRA,Brazil,2005,10.55
BRA,Brazil,2010,8.43
BRA,Brazil,2015,8.54
BRA,Brazil,2019,11.94
BRA,Brazil,2020,13.7
BRA,Brazil,2021,13.16
BRA,Brazil,2022,9.23
BRA,Brazil,2023,7.78
BRB,Barbados,2000,9.35
BRB,Barbados,2005,9.08
BRB,Barbados,2010,10.69
BRB,Barbados,2015,9.8
BRB,Barbados,2019,8.41
BRB,Barbados,2020,9.74
BRB,Barbados,2021,9.48
BRB,Barbados,2022,8.5
BRB,Barbados,2023,7.96
BRN,Brunei Darussalam,2000,5.55
BRN,Brunei Darussalam,2005,6.01
BRN,Brunei Darussalam,2010,6.48
BRN,Brunei Darussalam,2015,7.68
BRN,Brunei Darussalam,2019,6.6
BRN,Brunei Darussalam,2020,7.41
BRN,Brunei Darussalam,2021,4.91
BRN,Brunei Darussalam,2022,4.45
BRN,Brunei Darussalam,2023,4.46
BTN,Bhutan,2000,1.65
BTN,Bhutan,2005,3.1
BTN,Bhutan,2010,3.32
BTN,Bhutan,2015,2.45
BTN,Bhutan,2019,2.72
BTN,Bhutan,2020,5.03
BTN,Bhutan,2021,4.8
BTN,Bhutan,2022,5.95
BTN,Bhutan,2023,6.04
BWA,Botswana,2000,15.88
BWA,Botswana,2005,19.86
BWA,Botswana,2010,17.86
BWA,Botswana,2015,18.88
BWA,Botswana,2019,20.09
BWA,Botswana,2020,21.02
BWA,Botswana,2021,23.11
BWA,Botswana,2022,23.62
BWA,Botswana,2023,23.61
CAN,Canada,2000,6.83
CAN,Canada,2005,6.76
CAN,Canada,2010,8.18
CAN,Canada,2015,6.95
CAN,Canada,2019,5.69
CAN,Canada,2020,9.66
CAN,Canada,2021,7.53
CAN,Canada,2022,5.28
CAN,Canada,2023,5.42
CEB,Baltics States,2000,12.41
CEB,Baltics States,2005,12.06
CEB,Baltics States,2010,9.9
CEB,Baltics States,2015,7.82
CEB,Baltics States,2019,3.78
CEB,Baltics States,2020,4.37
CEB,Baltics States,2021,4.49
CEB,Baltics States,2022,4.01
CEB,Baltics States,2023,4.03
CHE,Switzerland,2000,2.66
CHE,Switzerland,2005,4.44
CHE,Switzerland,2010,4.81
CHE,Switzerland,2015,4.8
CHE,Switzerland,2019,4.39
CHE,Switzerland,2020,4.82
CHE,Switzerland,2021,5.1
CHE,Switzerland,2022,4.3
CHE,Switzerland,2023,3.84
CHI,Channel Islands,2000,5.39
CHI,Channel Islands,2005,5.81
CHI,Channel Islands,2010,6.97
CHI,Channel Islands,2015,7.97
CHI,Channel Islands,2019,6.27
CHI,Channel Islands,2020,6.72
CHI,Channel Islands,2021,6.73
CHI,Channel Islands,2022,6.03
CHI,Channel Islands,2023,5.94
CHL,Chile,2000,10.49
CHL,Chile,2005,9.34
CHL,Chile,2010,8.41
CHL,Chile,2015,6.49
CHL,Chile,2019,7.27
CHL,Chile,2020,10.94
CHL,Chile,2021,9.28
CHL,Chile,2022,8.25
CHL,Chile,2023,9.07
CHN,China,2000,3.26
CHN,China,2005,4.52
CHN,China,2010,4.53
CHN,China,2015,4.65
CHN,China,2019,4.56
CHN,China,2020,5
CHN,China,2021,4.55
CHN,China,2022,4.98
CHN,China,2023,4.97
CIV,Cote d'Ivoire,2000,4.95
CIV,Cote d'Ivoire,2005,6.19
CIV,Cote d'Ivoire,2010,6.56
CIV,Cote d'Ivoire,2015,2.54
CIV,Cote d'Ivoire,2019,2.4
CIV,Cote d'Ivoire,2020,2.64
CIV,Cote d'Ivoire,2021,2.71
CIV,Cote d'Ivoire,2022,2.49
CIV,Cote d'Ivoire,2023,2.43
CMR,Cameroon,2000,7.52
CMR,Cameroon,2005,4.4
CMR,Cameroon,2010,4.11
CMR,Cameroon,2015,3.51
CMR,Cameroon,2019,3.66
CMR,Cameroon,2020,3.99
CMR,Cameroon,2021,4.14
CMR,Cameroon,2022,3.78
CMR,Cameroon,2023,3.7
COD,Democratic Repubilc of Congo,2000,3.36
COD,Democratic Repubilc of Congo,2005,2.95
COD,Democratic Repubilc of Congo,2010,4.12
COD,Democratic Repubilc of Congo,2015,4.43
COD,Democratic Repubilc of Congo,2019,4.67
COD,Democratic Repubilc of Congo,2020,5.49
COD,Democratic Repubilc of Congo,2021,5.51
COD,Democratic Repubilc of Congo,2022,4.68
COD,Democratic Repubilc of Congo,2023,4.5
COG,Republic of Congo,2000,19.91
COG,Republic of Congo,2005,19.8
COG,Republic of Congo,2010,19.2
COG,Republic of Congo,2015,20.27
COG,Republic of Congo,2019,20.81
COG,Republic of Congo,2020,22.67
COG,Republic of Congo,2021,22.62
COG,Republic of Congo,2022,20.48
COG,Republic of Congo,2023,19.86
COL,Colombia,2000,20.52
COL,Colombia,2005,11.06
COL,Colombia,2010,11.15
COL,Colombia,2015,8.57
COL,Colombia,2019,10.28
COL,Colombia,2020,15.98
COL,Colombia,2021,13.9
COL,Colombia,2022,10.55
COL,Colombia,2023,9.41
COM,Comoros,2000,4.34
COM,Comoros,2005,4.58
COM,Comoros,2010,4.6
COM,Comoros,2015,4.87
COM,Comoros,2019,4.94
COM,Comoros,2020,5.78
COM,Comoros,2021,5.86
COM,Comoros,2022,5.75
COM,Comoros,2023,5.7
CPV,Cabo Verde,2000,12.99
CPV,Cabo Verde,2005,13.48
CPV,Cabo Verde,2010,10.67
CPV,Cabo Verde,2015,11.95
CPV,Cabo Verde,2019,12.15
CPV,Cabo Verde,2020,14.59
CPV,Cabo Verde,2021,14.09
CPV,Cabo Verde,2022,12.44
CPV,Cabo Verde,2023,12.07
CRI,Costa Rica,2000,5.08
CRI,Costa Rica,2005,6.75
CRI,Costa Rica,2010,7.17
CRI,Costa Rica,2015,8.42
CRI,Costa Rica,2019,10.81
CRI,Costa Rica,2020,16.43
CRI,Costa Rica,2021,15.14
CRI,Costa Rica,2022,11.32
CRI,Costa Rica,2023,8.52
CSS,Caribbean,2000,9.65
CSS,Caribbean,2005,8.56
CSS,Caribbean,2010,8.31
CSS,Caribbean,2015,8.47
CSS,Caribbean,2019,6.8
CSS,Caribbean,2020,8.35
CSS,Caribbean,2021,8.05
CSS,Caribbean,2022,7.07
CSS,Caribbean,2023,6.64
CUB,Cuba,2000,5.45
CUB,Cuba,2005,1.95
CUB,Cuba,2010,2.5
CUB,Cuba,2015,2.4
CUB,Cuba,2019,1.2
CUB,Cuba,2020,1.4
CUB,Cuba,2021,1.39
CUB,Cuba,2022,1.25
CUB,Cuba,2023,1.18
CYP,Cyprus,2000,4.77
CYP,Cyprus,2005,5.48
CYP,Cyprus,2010,6.36
CYP,Cyprus,2015,15.03
CYP,Cyprus,2019,7.15
CYP,Cyprus,2020,7.76
CYP,Cyprus,2021,7.51
CYP,Cyprus,2022,6.78
CYP,Cyprus,2023,6.43
CZE,Czechia,2000,8.76
CZE,Czechia,2005,7.93
CZE,Czechia,2010,7.28
CZE,Czechia,2015,5.05
CZE,Czechia,2019,2.02
CZE,Czechia,2020,2.55
CZE,Czechia,2021,2.8
CZE,Czechia,2022,2.22
CZE,Czechia,2023,2.56
DEU,Germany,2000,7.92
DEU,Germany,2005,11.17
DEU,Germany,2010,6.97
DEU,Germany,2015,4.62
DEU,Germany,2019,3.14
DEU,Germany,2020,3.86
DEU,Germany,2021,3.64
DEU,Germany,2022,3.14
DEU,Germany,2023,3.01
DJI,Djibouti,2000,27.18
DJI,Djibouti,2005,26.82
DJI,Djibouti,2010,26.62
DJI,Djibouti,2015,26.1
DJI,Djibouti,2019,26.31
DJI,Djibouti,2020,27.85
DJI,Djibouti,2021,27.96
DJI,Djibouti,2022,26.67
DJI,Djibouti,2023,26.28
DNK,Denmark,2000,4.48
DNK,Denmark,2005,4.83
DNK,Denmark,2010,7.75
DNK,Denmark,2015,6.28
DNK,Denmark,2019,5.02
DNK,Denmark,2020,5.64
DNK,Denmark,2021,5.04
DNK,Denmark,2022,4.43
DNK,Denmark,2023,4.83
DOM,Dominican Republic,2000,6.43
DOM,Dominican Republic,2005,6.59
DOM,Dominican Republic,2010,5.21
DOM,Dominican Republic,2015,7.61
DOM,Dominican Republic,2019,6.18
DOM,Dominican Republic,2020,6.13
DOM,Dominican Republic,2021,7.7
DOM,Dominican Republic,2022,5.5
DOM,Dominican Republic,2023,5.61
DZA,Algeria,2000,29.77
DZA,Algeria,2005,15.27
DZA,Algeria,2010,9.96
DZA,Algeria,2015,11.21
DZA,Algeria,2019,12.28
DZA,Algeria,2020,14.04
DZA,Algeria,2021,13.73
DZA,Algeria,2022,12.49
DZA,Algeria,2023,12.25
ECU,Ecuador,2000,4.8
ECU,Ecuador,2005,3.78
ECU,Ecuador,2010,4.09
ECU,Ecuador,2015,3.62
ECU,Ecuador,2019,3.81
ECU,Ecuador,2020,6.13
ECU,Ecuador,2021,4.55
ECU,Ecuador,2022,3.76
ECU,Ecuador,2023,3.55
EGY,Egypt,2000,8.98
EGY,Egypt,2005,11.05
EGY,Egypt,2010,8.76
EGY,Egypt,2015,13.05
EGY,Egypt,2019,7.85
EGY,Egypt,2020,7.97
EGY,Egypt,2021,7.44
EGY,Egypt,2022,6.4
EGY,Egypt,2023,6.27
ERI,Eritrea,2000,5.95
ERI,Eritrea,2005,5.93
ERI,Eritrea,2010,6.11
ERI,Eritrea,2015,5.99
ERI,Eritrea,2019,5.93
ERI,Eritrea,2020,6.45
ERI,Eritrea,2021,6.51
ERI,Eritrea,2022,5.97
ERI,Eritrea,2023,5.85
ESP,Spain,2000,13.79
ESP,Spain,2005,9.15
ESP,Spain,2010,19.86
ESP,Spain,2015,22.06
ESP,Spain,2019,14.1
ESP,Spain,2020,15.53
ESP,Spain,2021,14.78
ESP,Spain,2022,12.92
ESP,Spain,2023,12.14
EST,Estonia,2000,13.36
EST,Estonia,2005,8.03
EST,Estonia,2010,16.71
EST,Estonia,2015,6.19
EST,Estonia,2019,4.45
EST,Estonia,2020,6.8
EST,Estonia,2021,6.18
EST,Estonia,2022,5.57
EST,Estonia,2023,6.66
ETH,Ethiopia,2000,3.5
ETH,Ethiopia,2005,2.5
ETH,Ethiopia,2010,2.29
ETH,Ethiopia,2015,2.41
ETH,Ethiopia,2019,2.85
ETH,Ethiopia,2020,3.91
ETH,Ethiopia,2021,3.93
ETH,Ethiopia,2022,3.42
ETH,Ethiopia,2023,3.33
FIN,Finland,2000,11.13
FIN,Finland,2005,8.38
FIN,Finland,2010,8.39
FIN,Finland,2015,9.38
FIN,Finland,2019,6.69
FIN,Finland,2020,7.76
FIN,Finland,2021,7.61
FIN,Finland,2022,6.72
FIN,Finland,2023,6.97
FJI,Fiji,2000,4.71
FJI,Fiji,2005,3.89
FJI,Fiji,2010,4.35
FJI,Fiji,2015,4.29
FJI,Fiji,2019,4.37
FJI,Fiji,2020,4.73
FJI,Fiji,2021,4.8
FJI,Fiji,2022,4.56
FJI,Fiji,2023,4.25
FRA,France,2000,10.22
FRA,France,2005,8.88
FRA,France,2010,9.28
FRA,France,2015,10.35
FRA,France,2019,8.41
FRA,France,2020,8.01
FRA,France,2021,7.86
FRA,France,2022,7.31
FRA,France,2023,7.08
GAB,Gabon,2000,18.02
GAB,Gabon,2005,16.91
GAB,Gabon,2010,20.39
GAB,Gabon,2015,19.82
GAB,Gabon,2019,20.37
GAB,Gabon,2020,21.43
GAB,Gabon,2021,21.41
GAB,Gabon,2022,20.61
GAB,Gabon,2023,20.36
GBR,United Kingdom,2000,5.56
GBR,United Kingdom,2005,4.75
GBR,United Kingdom,2010,7.79
GBR,United Kingdom,2015,5.3
GBR,United Kingdom,2019,3.74
GBR,United Kingdom,2020,4.47
GBR,United Kingdom,2021,4.83
GBR,United Kingdom,2022,3.73
GBR,United Kingdom,2023,4.36
GEO,Georgia,2000,10.82
GEO,Georgia,2005,13.81
GEO,Georgia,2010,20.2
GEO,Georgia,2015,16.51
GEO,Georgia,2019,11.57
GEO,Georgia,2020,11.73
GEO,Georgia,2021,11.85
GEO,Georgia,2022,11.68
GEO,Georgia,2023,11.75
GHA,Ghana,2000,10.46
GHA,Ghana,2005,5.81
GHA,Ghana,2010,5.38
GHA,Ghana,2015,6.81
GHA,Ghana,2019,3.17
GHA,Ghana,2020,3.42
GHA,Ghana,2021,3.56
GHA,Ghana,2022,3.52
GHA,Ghana,2023,3.56
GIN,Guinea,2000,4.61
GIN,Guinea,2005,5
GIN,Guinea,2010,5.27
GIN,Guinea,2015,5.38
GIN,Guinea,2019,5.02
GIN,Guinea,2020,6.06
GIN,Guinea,2021,5.97
GIN,Guinea,2022,5.53
GIN,Guinea,2023,5.4
GMB,Gambia,2000,9.52
GMB,Gambia,2005,9.79
GMB,Gambia,2010,9.46
GMB,Gambia,2015,7.28
GMB,Gambia,2019,4.04
GMB,Gambia,2020,4.76
GMB,Gambia,2021,4.71
GMB,Gambia,2022,4.26
GMB,Gambia,2023,4.14
GNB,Guinea-Bissau,2000,3.79
GNB,Guinea-Bissau,2005,3.27
GNB,Guinea-Bissau,2010,3.22
GNB,Guinea-Bissau,2015,3.25
GNB,Guinea-Bissau,2019,3.23
GNB,Guinea-Bissau,2020,3.72
GNB,Guinea-Bissau,2021,3.81
GNB,Guinea-Bissau,2022,3.24
GNB,Guinea-Bissau,2023,3.12
GNQ,Equatorial Guinea,2000,8.12
GNQ,Equatorial Guinea,2005,8.21
GNQ,Equatorial Guinea,2010,8.39
GNQ,Equatorial Guinea,2015,8.19
GNQ,Equatorial Guinea,2019,8.33
GNQ,Equatorial Guinea,2020,9.03
GNQ,Equatorial Guinea,2021,9.19
GNQ,Equatorial Guinea,2022,8.58
GNQ,Equatorial Guinea,2023,8.52
GRC,Greece,2000,11.34
GRC,Greece,2005,10.07
GRC,Greece,2010,12.72
GRC,Greece,2015,24.98
GRC,Greece,2019,17.04
GRC,Greece,2020,15.9
GRC,Greece,2021,14.66
GRC,Greece,2022,12.43
GRC,Greece,2023,10.81
GTM,Guatemala,2000,2.62
GTM,Guatemala,2005,3.06
GTM,Guatemala,2010,3.5
GTM,Guatemala,2015,2.51
GTM,Guatemala,2019,2.19
GTM,Guatemala,2020,2.88
GTM,Guatemala,2021,2.17
GTM,Guatemala,2022,3.05
GTM,Guatemala,2023,3.15
GUM,Guam,2000,15.32
GUM,Guam,2005,7
GUM,Guam,2010,8.2
GUM,Guam,2015,6.9
GUM,Guam,2019,5.4
GUM,Guam,2020,6.25
GUM,Guam,2021,6
GUM,Guam,2022,5.57
GUM,Guam,2023,5.54
GUY,Guyana,2000,11.91
GUY,Guyana,2005,11.07
GUY,Guyana,2010,11.76
GUY,Guyana,2015,13.29
GUY,Guyana,2019,13.52
GUY,Guyana,2020,15.69
GUY,Guyana,2021,14.98
GUY,Guyana,2022,12.3
GUY,Guyana,2023,10.33
HKG,Hong Kong ,2000,4.92
HKG,Hong Kong ,2005,5.58
HKG,Hong Kong ,2010,4.33
HKG,Hong Kong ,2015,3.31
HKG,Hong Kong ,2019,2.92
HKG,Hong Kong ,2020,5.81
HKG,Hong Kong ,2021,5.17
HKG,Hong Kong ,2022,4.32
HKG,Hong Kong ,2023,4.03
HND,Honduras,2000,3.88
HND,Honduras,2005,4.91
HND,Honduras,2010,4.12
HND,Honduras,2015,6.15
HND,Honduras,2019,5.55
HND,Honduras,2020,10.68
HND,Honduras,2021,8.23
HND,Honduras,2022,7
HND,Honduras,2023,6.78
HRV,Croatia,2000,16.06
HRV,Croatia,2005,12.6
HRV,Croatia,2010,11.62
HRV,Croatia,2015,16.18
HRV,Croatia,2019,6.62
HRV,Croatia,2020,7.51
HRV,Croatia,2021,7.61
HRV,Croatia,2022,6.96
HRV,Croatia,2023,6.28
HTI,Haiti,2000,8.45
HTI,Haiti,2005,14.6
HTI,Haiti,2010,15.26
HTI,Haiti,2015,13.72
HTI,Haiti,2019,14.09
HTI,Haiti,2020,15.65
HTI,Haiti,2021,15.56
HTI,Haiti,2022,14.78
HTI,Haiti,2023,14.86
HUN,Hungary,2000,6.56
HUN,Hungary,2005,7.19
HUN,Hungary,2010,11.17
HUN,Hungary,2015,6.81
HUN,Hungary,2019,3.42
HUN,Hungary,2020,4.25
HUN,Hungary,2021,4.05
HUN,Hungary,2022,3.61
HUN,Hungary,2023,4.09
IDN,Indonesia,2000,6.08
IDN,Indonesia,2005,7.94
IDN,Indonesia,2010,5.61
IDN,Indonesia,2015,4.51
IDN,Indonesia,2019,3.59
IDN,Indonesia,2020,4.25
IDN,Indonesia,2021,3.83
IDN,Indonesia,2022,3.46
IDN,Indonesia,2023,3.28
IND,India,2000,7.85
IND,India,2005,8.7
IND,India,2010,8.3
IND,India,2015,7.89
IND,India,2019,6.51
IND,India,2020,7.86
IND,India,2021,6.38
IND,India,2022,4.82
IND,India,2023,4.67
IRL,Ireland,2000,4.32
IRL,Ireland,2005,4.34
IRL,Ireland,2010,14.53
IRL,Ireland,2015,9.91
IRL,Ireland,2019,4.95
IRL,Ireland,2020,5.62
IRL,Ireland,2021,6.19
IRL,Ireland,2022,4.48
IRL,Ireland,2023,4.45
IRN,Iran,2000,11.69
IRN,Iran,2005,11.81
IRN,Iran,2010,13.68
IRN,Iran,2015,11.17
IRN,Iran,2019,10.74
IRN,Iran,2020,9.69
IRN,Iran,2021,9.28
IRN,Iran,2022,8.81
IRN,Iran,2023,8.73
IRQ,Iraq,2000,8.15
IRQ,Iraq,2005,8.59
IRQ,Iraq,2010,8.26
IRQ,Iraq,2015,10.82
IRQ,Iraq,2019,14
IRQ,Iraq,2020,15.75
IRQ,Iraq,2021,16.17
IRQ,Iraq,2022,15.32
IRQ,Iraq,2023,15.56
ISL,Iceland,2000,1.94
ISL,Iceland,2005,2.55
ISL,Iceland,2010,7.56
ISL,Iceland,2015,3.98
ISL,Iceland,2019,3.51
ISL,Iceland,2020,5.48
ISL,Iceland,2021,6.03
ISL,Iceland,2022,3.79
ISL,Iceland,2023,3.05
ISR,Israel,2000,11.1
ISR,Israel,2005,11.34
ISR,Israel,2010,8.48
ISR,Israel,2015,5.18
ISR,Israel,2019,3.73
ISR,Israel,2020,4.17
ISR,Israel,2021,4.81
ISR,Israel,2022,3.69
ISR,Israel,2023,3.35
ITA,Italy,2000,10.83
ITA,Italy,2005,7.73
ITA,Italy,2010,8.36
ITA,Italy,2015,11.9
ITA,Italy,2019,9.95
ITA,Italy,2020,9.16
ITA,Italy,2021,9.5
ITA,Italy,2022,8.07
ITA,Italy,2023,7.66
JAM,Jamaica,2000,6.82
JAM,Jamaica,2005,6.61
JAM,Jamaica,2010,7.63
JAM,Jamaica,2015,8.82
JAM,Jamaica,2019,4.99
JAM,Jamaica,2020,6.5
JAM,Jamaica,2021,6.16
JAM,Jamaica,2022,5.5
JAM,Jamaica,2023,5.38
JOR,Jordan,2000,13.7
JOR,Jordan,2005,14.8
JOR,Jordan,2010,12.5
JOR,Jordan,2015,13.08
JOR,Jordan,2019,16.8
JOR,Jordan,2020,19.21
JOR,Jordan,2021,19.84
JOR,Jordan,2022,19.19
JOR,Jordan,2023,19.05
JPN,Japan,2000,4.75
JPN,Japan,2005,4.45
JPN,Japan,2010,5.1
JPN,Japan,2015,3.39
JPN,Japan,2019,2.35
JPN,Japan,2020,2.81
JPN,Japan,2021,2.83
JPN,Japan,2022,2.6
JPN,Japan,2023,2.65
KAZ,Kazakhstan,2000,12.75
KAZ,Kazakhstan,2005,8.13
KAZ,Kazakhstan,2010,5.77
KAZ,Kazakhstan,2015,4.93
KAZ,Kazakhstan,2019,4.8
KAZ,Kazakhstan,2020,4.89
KAZ,Kazakhstan,2021,5.57
KAZ,Kazakhstan,2022,4.86
KAZ,Kazakhstan,2023,4.66
KEN,Kenya,2000,2.99
KEN,Kenya,2005,2.76
KEN,Kenya,2010,2.83
KEN,Kenya,2015,2.77
KEN,Kenya,2019,5.01
KEN,Kenya,2020,5.63
KEN,Kenya,2021,5.69
KEN,Kenya,2022,5.64
KEN,Kenya,2023,5.6
KGZ,Kyrgyzstan,2000,1.88
KGZ,Kyrgyzstan,2005,2.36
KGZ,Kyrgyzstan,2010,2.86
KGZ,Kyrgyzstan,2015,3.35
KGZ,Kyrgyzstan,2019,4.25
KGZ,Kyrgyzstan,2020,4.63
KGZ,Kyrgyzstan,2021,4.1
KGZ,Kyrgyzstan,2022,4.02
KGZ,Kyrgyzstan,2023,4.04
KHM,Cambodia,2000,0.75
KHM,Cambodia,2005,1.07
KHM,Cambodia,2010,0.77
KHM,Cambodia,2015,0.39
KHM,Cambodia,2019,0.12
KHM,Cambodia,2020,0.17
KHM,Cambodia,2021,0.4
KHM,Cambodia,2022,0.23
KHM,Cambodia,2023,0.22
KOR,South Korea,2000,4.06
KOR,South Korea,2005,3.48
KOR,South Korea,2010,3.32
KOR,South Korea,2015,3.55
KOR,South Korea,2019,3.75
KOR,South Korea,2020,3.93
KOR,South Korea,2021,3.64
KOR,South Korea,2022,2.86
KOR,South Korea,2023,2.66
KWT,Kuwait,2000,0.8
KWT,Kuwait,2005,1.45
KWT,Kuwait,2010,1.82
KWT,Kuwait,2015,2.2
KWT,Kuwait,2019,2.21
KWT,Kuwait,2020,3.45
KWT,Kuwait,2021,2.94
KWT,Kuwait,2022,2.2
KWT,Kuwait,2023,2.12
LAO,Laos,2000,2.05
LAO,Laos,2005,1.35
LAO,Laos,2010,0.71
LAO,Laos,2015,2.5
LAO,Laos,2019,3.36
LAO,Laos,2020,3.86
LAO,Laos,2021,4.15
LAO,Laos,2022,3.82
LAO,Laos,2023,3.79
LBN,Lebanon,2000,8.49
LBN,Lebanon,2005,8.24
LBN,Lebanon,2010,6.78
LBN,Lebanon,2015,9.21
LBN,Lebanon,2019,11.3
LBN,Lebanon,2020,13.27
LBN,Lebanon,2021,12.78
LBN,Lebanon,2022,11.75
LBN,Lebanon,2023,11.68
LBR,Liberia,2000,1.93
LBR,Liberia,2005,2.44
LBR,Liberia,2010,2.27
LBR,Liberia,2015,2.56
LBR,Liberia,2019,3.07
LBR,Liberia,2020,4.12
LBR,Liberia,2021,3.96
LBR,Liberia,2022,3.02
LBR,Liberia,2023,2.85
LBY,Libya,2000,19.17
LBY,Libya,2005,18.74
LBY,Libya,2010,19.17
LBY,Libya,2015,19.68
LBY,Libya,2019,18.97
LBY,Libya,2020,19.71
LBY,Libya,2021,19.71
LBY,Libya,2022,19.3
LBY,Libya,2023,18.52
LCA,St. Lucia,2000,16.49
LCA,St. Lucia,2005,18.7
LCA,St. Lucia,2010,17.12
LCA,St. Lucia,2015,20.79
LCA,St. Lucia,2019,15.34
LCA,St. Lucia,2020,20.41
LCA,St. Lucia,2021,19.58
LCA,St. Lucia,2022,15.77
LCA,St. Lucia,2023,14.74
LCN,Caribbean,2000,9.47
LCN,Caribbean,2005,8.23
LCN,Caribbean,2010,7.21
LCN,Caribbean,2015,6.68
LCN,Caribbean,2019,8.01
LCN,Caribbean,2020,10.21
LCN,Caribbean,2021,9.2
LCN,Caribbean,2022,6.91
LCN,Caribbean,2023,6.19
LKA,Sri Lanka,2000,7.74
LKA,Sri Lanka,2005,7.67
LKA,Sri Lanka,2010,4.78
LKA,Sri Lanka,2015,4.52
LKA,Sri Lanka,2019,4.67
LKA,Sri Lanka,2020,5.36
LKA,Sri Lanka,2021,5.31
LKA,Sri Lanka,2022,6.18
LKA,Sri Lanka,2023,6.64
LSO,Lesotho,2000,16.21
LSO,Lesotho,2005,15.96
LSO,Lesotho,2010,16
LSO,Lesotho,2015,16.22
LSO,Lesotho,2019,16.88
LSO,Lesotho,2020,18.46
LSO,Lesotho,2021,18.45
LSO,Lesotho,2022,16.75
LSO,Lesotho,2023,16.31
LTU,Lithuania,2000,15.93
LTU,Lithuania,2005,8.32
LTU,Lithuania,2010,17.81
LTU,Lithuania,2015,9.12
LTU,Lithuania,2019,6.26
LTU,Lithuania,2020,8.49
LTU,Lithuania,2021,7.11
LTU,Lithuania,2022,5.96
LTU,Lithuania,2023,6.53
LUX,Luxembourg,2000,2.35
LUX,Luxembourg,2005,4.49
LUX,Luxembourg,2010,4.36
LUX,Luxembourg,2015,6.67
LUX,Luxembourg,2019,5.59
LUX,Luxembourg,2020,6.77
LUX,Luxembourg,2021,5.25
LUX,Luxembourg,2022,4.58
LUX,Luxembourg,2023,5.29
LVA,Latvia,2000,14.21
LVA,Latvia,2005,10.03
LVA,Latvia,2010,19.48
LVA,Latvia,2015,9.87
LVA,Latvia,2019,6.31
LVA,Latvia,2020,8.1
LVA,Latvia,2021,7.51
LVA,Latvia,2022,6.81
LVA,Latvia,2023,6.47
MAC,Macao,2000,6.87
MAC,Macao,2005,4.16
MAC,Macao,2010,2.84
MAC,Macao,2015,1.81
MAC,Macao,2019,1.75
MAC,Macao,2020,2.57
MAC,Macao,2021,2.24
MAC,Macao,2022,2.41
MAC,Macao,2023,1.64
MAR,Morocco,2000,13.58
MAR,Morocco,2005,11.01
MAR,Morocco,2010,9.09
MAR,Morocco,2015,9.46
MAR,Morocco,2019,9.67
MAR,Morocco,2020,11.73
MAR,Morocco,2021,11.22
MAR,Morocco,2022,9.99
MAR,Morocco,2023,9.77
MDA,Moldova,2000,8.54
MDA,Moldova,2005,5.63
MDA,Moldova,2010,2.97
MDA,Moldova,2015,1.78
MDA,Moldova,2019,1.5
MDA,Moldova,2020,1.21
MDA,Moldova,2021,0.79
MDA,Moldova,2022,0.91
MDA,Moldova,2023,1.55
MDG,Madagascar,2000,5.8
MDG,Madagascar,2005,2.62
MDG,Madagascar,2010,4.28
MDG,Madagascar,2015,1.79
MDG,Madagascar,2019,1.76
MDG,Madagascar,2020,2.21
MDG,Madagascar,2021,2.25
MDG,Madagascar,2022,1.9
MDG,Madagascar,2023,1.82
MDV,Maldives,2000,1.97
MDV,Maldives,2005,7.39
MDV,Maldives,2010,10.85
MDV,Maldives,2015,6.61
MDV,Maldives,2019,4.56
MDV,Maldives,2020,5.48
MDV,Maldives,2021,5.12
MDV,Maldives,2022,4.38
MDV,Maldives,2023,4.22
MEX,Mexico,2000,2.65
MEX,Mexico,2005,3.56
MEX,Mexico,2010,5.3
MEX,Mexico,2015,4.31
MEX,Mexico,2019,3.48
MEX,Mexico,2020,4.44
MEX,Mexico,2021,4.09
MEX,Mexico,2022,3.26
MEX,Mexico,2023,2.82
MKD,North Macedonia,2000,32.2
MKD,North Macedonia,2005,37.32
MKD,North Macedonia,2010,33.13
MKD,North Macedonia,2015,26.43
MKD,North Macedonia,2019,17.39
MKD,North Macedonia,2020,16.55
MKD,North Macedonia,2021,15.78
MKD,North Macedonia,2022,14.43
MKD,North Macedonia,2023,13.15
MLI,Mali,2000,1.4
MLI,Mali,2005,1.35
MLI,Mali,2010,1.41
MLI,Mali,2015,1.43
MLI,Mali,2019,2.35
MLI,Mali,2020,3.53
MLI,Mali,2021,2.44
MLI,Mali,2022,3.14
MLI,Mali,2023,3.25
MLT,Malta,2000,6.32
MLT,Malta,2005,6.92
MLT,Malta,2010,6.85
MLT,Malta,2015,5.38
MLT,Malta,2019,3.62
MLT,Malta,2020,4.35
MLT,Malta,2021,3.39
MLT,Malta,2022,2.92
MLT,Malta,2023,2.6
MMR,Myanmar,2000,0.75
MMR,Myanmar,2005,0.69
MMR,Myanmar,2010,0.72
MMR,Myanmar,2015,0.77
MMR,Myanmar,2019,0.41
MMR,Myanmar,2020,1.48
MMR,Myanmar,2021,4.34
MMR,Myanmar,2022,2.96
MMR,Myanmar,2023,2.92
MNE,Montenegro,2000,30.33
MNE,Montenegro,2005,30.31
MNE,Montenegro,2010,19.65
MNE,Montenegro,2015,17.55
MNE,Montenegro,2019,15.13
MNE,Montenegro,2020,17.88
MNE,Montenegro,2021,16.54
MNE,Montenegro,2022,15.25
MNE,Montenegro,2023,14.39
MNG,Mongolia,2000,5.99
MNG,Mongolia,2005,7.02
MNG,Mongolia,2010,6.55
MNG,Mongolia,2015,4.86
MNG,Mongolia,2019,5.74
MNG,Mongolia,2020,6.59
MNG,Mongolia,2021,7.75
MNG,Mongolia,2022,6.21
MNG,Mongolia,2023,5.41
MOZ,Mozambique,2000,2.84
MOZ,Mozambique,2005,3.04
MOZ,Mozambique,2010,3.25
MOZ,Mozambique,2015,3.43
MOZ,Mozambique,2019,3.71
MOZ,Mozambique,2020,4.07
MOZ,Mozambique,2021,4.25
MOZ,Mozambique,2022,3.79
MOZ,Mozambique,2023,3.67
MRT,Mauritania,2000,10.02
MRT,Mauritania,2005,9.48
MRT,Mauritania,2010,10.14
MRT,Mauritania,2015,10.1
MRT,Mauritania,2019,10.42
MRT,Mauritania,2020,11.17
MRT,Mauritania,2021,11.33
MRT,Mauritania,2022,10.79
MRT,Mauritania,2023,10.62
MUS,Mauritius,2000,9.1
MUS,Mauritius,2005,9.52
MUS,Mauritius,2010,7.65
MUS,Mauritius,2015,7.41
MUS,Mauritius,2019,6.33
MUS,Mauritius,2020,8.63
MUS,Mauritius,2021,7.72
MUS,Mauritius,2022,6.32
MUS,Mauritius,2023,4.89
MWI,Malawi,2000,5.07
MWI,Malawi,2005,4.92
MWI,Malawi,2010,4.72
MWI,Malawi,2015,4.93
MWI,Malawi,2019,4.92
MWI,Malawi,2020,5.74
MWI,Malawi,2021,5.76
MWI,Malawi,2022,5.11
MWI,Malawi,2023,5.03
MYS,Malaysia,2000,3
MYS,Malaysia,2005,3.53
MYS,Malaysia,2010,3.39
MYS,Malaysia,2015,3.1
MYS,Malaysia,2019,3.26
MYS,Malaysia,2020,4.54
MYS,Malaysia,2021,4.08
MYS,Malaysia,2022,3.63
MYS,Malaysia,2023,3.61
NAM,Namibia,2000,20.3
NAM,Namibia,2005,22.11
NAM,Namibia,2010,22.12
NAM,Namibia,2015,20.75
NAM,Namibia,2019,19.96
NAM,Namibia,2020,21.15
NAM,Namibia,2021,21.15
NAM,Namibia,2022,19.99
NAM,Namibia,2023,19.63
NCL,New Caledonia,2000,17.96
NCL,New Caledonia,2005,15.77
NCL,New Caledonia,2010,13.96
NCL,New Caledonia,2015,13.64
NCL,New Caledonia,2019,10.88
NCL,New Caledonia,2020,13.56
NCL,New Caledonia,2021,12.55
NCL,New Caledonia,2022,11.03
NCL,New Caledonia,2023,10.83
NER,Niger,2000,1.42
NER,Niger,2005,3.1
NER,Niger,2010,0.71
NER,Niger,2015,0.56
NER,Niger,2019,0.55
NER,Niger,2020,0.66
NER,Niger,2021,0.86
NER,Niger,2022,0.57
NER,Niger,2023,0.53
NGA,Nigeria,2000,3.99
NGA,Nigeria,2005,3.69
NGA,Nigeria,2010,3.73
NGA,Nigeria,2015,4.11
NGA,Nigeria,2019,5.21
NGA,Nigeria,2020,5.63
NGA,Nigeria,2021,5.26
NGA,Nigeria,2022,3.83
NGA,Nigeria,2023,3.58
NIC,Nicaragua,2000,7.21
NIC,Nicaragua,2005,5.37
NIC,Nicaragua,2010,7.83
NIC,Nicaragua,2015,4.7
NIC,Nicaragua,2019,5.49
NIC,Nicaragua,2020,6.28
NIC,Nicaragua,2021,6.27
NIC,Nicaragua,2022,4.99
NIC,Nicaragua,2023,4.75
NLD,Netherlands,2000,2.73
NLD,Netherlands,2005,5.87
NLD,Netherlands,2010,4.99
NLD,Netherlands,2015,6.87
NLD,Netherlands,2019,3.38
NLD,Netherlands,2020,3.82
NLD,Netherlands,2021,4.21
NLD,Netherlands,2022,3.52
NLD,Netherlands,2023,3.52
NOR,Norway,2000,3.46
NOR,Norway,2005,4.38
NOR,Norway,2010,3.52
NOR,Norway,2015,4.3
NOR,Norway,2019,3.69
NOR,Norway,2020,4.42
NOR,Norway,2021,4.37
NOR,Norway,2022,3.23
NOR,Norway,2023,3.5
NPL,Nepal,2000,10.67
NPL,Nepal,2005,10.68
NPL,Nepal,2010,10.66
NPL,Nepal,2015,10.66
NPL,Nepal,2019,10.64
NPL,Nepal,2020,13.12
NPL,Nepal,2021,12.58
NPL,Nepal,2022,10.92
NPL,Nepal,2023,10.97
NZL,New Zealand,2000,6.13
NZL,New Zealand,2005,3.81
NZL,New Zealand,2010,6.56
NZL,New Zealand,2015,5.42
NZL,New Zealand,2019,4.11
NZL,New Zealand,2020,4.6
NZL,New Zealand,2021,3.78
NZL,New Zealand,2022,3.3
NZL,New Zealand,2023,3.73
OMN,Oman,2000,4.39
OMN,Oman,2005,4.6
OMN,Oman,2010,3.92
OMN,Oman,2015,3.39
OMN,Oman,2019,2.05
OMN,Oman,2020,2.94
OMN,Oman,2021,1.9
OMN,Oman,2022,1.53
OMN,Oman,2023,1.5
PAK,Pakistan,2000,0.58
PAK,Pakistan,2005,0.58
PAK,Pakistan,2010,0.65
PAK,Pakistan,2015,3.57
PAK,Pakistan,2019,4.83
PAK,Pakistan,2020,6.21
PAK,Pakistan,2021,6.34
PAK,Pakistan,2022,5.59
PAK,Pakistan,2023,5.72
PAN,Panama,2000,6.34
PAN,Panama,2005,6.05
PAN,Panama,2010,5.88
PAN,Panama,2015,4.37
PAN,Panama,2019,6.33
PAN,Panama,2020,14.18
PAN,Panama,2021,10.45
PAN,Panama,2022,8.2
PAN,Panama,2023,7.65
PER,Peru,2000,4.96
PER,Peru,2005,4.87
PER,Peru,2010,3.6
PER,Peru,2015,3.27
PER,Peru,2019,3.38
PER,Peru,2020,7.18
PER,Peru,2021,5.1
PER,Peru,2022,3.85
PER,Peru,2023,3.51
PHL,Philippines,2000,3.77
PHL,Philippines,2005,3.8
PHL,Philippines,2010,3.61
PHL,Philippines,2015,3.07
PHL,Philippines,2019,2.24
PHL,Philippines,2020,2.52
PHL,Philippines,2021,3.4
PHL,Philippines,2022,2.38
PHL,Philippines,2023,2.24
PNG,Papua New Guinea,2000,2.92
PNG,Papua New Guinea,2005,2.39
PNG,Papua New Guinea,2010,2
PNG,Papua New Guinea,2015,2.55
PNG,Papua New Guinea,2019,2.71
PNG,Papua New Guinea,2020,3.07
PNG,Papua New Guinea,2021,3.24
PNG,Papua New Guinea,2022,2.78
PNG,Papua New Guinea,2023,2.74
POL,Poland,2000,16.31
POL,Poland,2005,17.75
POL,Poland,2010,9.64
POL,Poland,2015,7.5
POL,Poland,2019,3.28
POL,Poland,2020,3.16
POL,Poland,2021,3.36
POL,Poland,2022,2.89
POL,Poland,2023,2.8
PRI,Puerto Rico,2000,10.08
PRI,Puerto Rico,2005,11.35
PRI,Puerto Rico,2010,16.1
PRI,Puerto Rico,2015,12
PRI,Puerto Rico,2019,8.3
PRI,Puerto Rico,2020,8.89
PRI,Puerto Rico,2021,7.9
PRI,Puerto Rico,2022,6
PRI,Puerto Rico,2023,6.21
PRK,North Korea,2000,3.14
PRK,North Korea,2005,3.05
PRK,North Korea,2010,2.85
PRK,North Korea,2015,2.93
PRK,North Korea,2019,2.81
PRK,North Korea,2020,3.12
PRK,North Korea,2021,3.23
PRK,North Korea,2022,3.07
PRK,North Korea,2023,3.01
PRT,Portugal,2000,3.81
PRT,Portugal,2005,7.58
PRT,Portugal,2010,10.77
PRT,Portugal,2015,12.45
PRT,Portugal,2019,6.46
PRT,Portugal,2020,6.8
PRT,Portugal,2021,6.58
PRT,Portugal,2022,6.01
PRT,Portugal,2023,6.47
PRY,Paraguay,2000,7.61
PRY,Paraguay,2005,4.82
PRY,Paraguay,2010,4.57
PRY,Paraguay,2015,4.56
PRY,Paraguay,2019,6.59
PRY,Paraguay,2020,7.55
PRY,Paraguay,2021,7.31
PRY,Paraguay,2022,6.75
PRY,Paraguay,2023,5.63
PYF,French Polynesia,2000,11.63
PYF,French Polynesia,2005,11.63
PYF,French Polynesia,2010,12.1
PYF,French Polynesia,2015,11.54
PYF,French Polynesia,2019,11.44
PYF,French Polynesia,2020,12.83
PYF,French Polynesia,2021,12.36
PYF,French Polynesia,2022,11.8
PYF,French Polynesia,2023,11.67
QAT,Qatar,2000,0.87
QAT,Qatar,2005,0.87
QAT,Qatar,2010,0.45
QAT,Qatar,2015,0.17
QAT,Qatar,2019,0.1
QAT,Qatar,2020,0.14
QAT,Qatar,2021,0.14
QAT,Qatar,2022,0.13
QAT,Qatar,2023,0.13
ROU,Romania,2000,6.97
ROU,Romania,2005,7.17
ROU,Romania,2010,6.96
ROU,Romania,2015,6.81
ROU,Romania,2019,3.91
ROU,Romania,2020,5.03
ROU,Romania,2021,5.59
ROU,Romania,2022,5.61
ROU,Romania,2023,5.62
RUS,Russia,2000,10.58
RUS,Russia,2005,7.12
RUS,Russia,2010,7.37
RUS,Russia,2015,5.57
RUS,Russia,2019,4.5
RUS,Russia,2020,5.59
RUS,Russia,2021,4.72
RUS,Russia,2022,3.87
RUS,Russia,2023,3.16
RWA,Rwanda,2000,11.83
RWA,Rwanda,2005,11.93
RWA,Rwanda,2010,11.68
RWA,Rwanda,2015,11.85
RWA,Rwanda,2019,11.24
RWA,Rwanda,2020,11.83
RWA,Rwanda,2021,15.79
RWA,Rwanda,2022,15.08
RWA,Rwanda,2023,14.94
SAU,Saudi Arabia,2000,4.57
SAU,Saudi Arabia,2005,6.05
SAU,Saudi Arabia,2010,5.55
SAU,Saudi Arabia,2015,5.6
SAU,Saudi Arabia,2019,5.64
SAU,Saudi Arabia,2020,7.45
SAU,Saudi Arabia,2021,6.62
SAU,Saudi Arabia,2022,5.59
SAU,Saudi Arabia,2023,5.01
SDN,Sudan,2000,14.91
SDN,Sudan,2005,14.79
SDN,Sudan,2010,15.12
SDN,Sudan,2015,17.06
SDN,Sudan,2019,17.51
SDN,Sudan,2020,19.21
SDN,Sudan,2021,19.19
SDN,Sudan,2022,17.59
SDN,Sudan,2023,20.81
SEN,Senegal,2000,5.3
SEN,Senegal,2005,8.66
SEN,Senegal,2010,10.15
SEN,Senegal,2015,6.76
SEN,Senegal,2019,2.86
SEN,Senegal,2020,3.34
SEN,Senegal,2021,3.32
SEN,Senegal,2022,3.01
SEN,Senegal,2023,2.96
SGP,Singapore,2000,3.7
SGP,Singapore,2005,5.59
SGP,Singapore,2010,4.12
SGP,Singapore,2015,3.79
SGP,Singapore,2019,3.1
SGP,Singapore,2020,4.1
SGP,Singapore,2021,4.64
SGP,Singapore,2022,3.59
SGP,Singapore,2023,3.2
SLB,Solomon Islands,2000,2.38
SLB,Solomon Islands,2005,1.9
SLB,Solomon Islands,2010,1.63
SLB,Solomon Islands,2015,0.73
SLB,Solomon Islands,2019,0.73
SLB,Solomon Islands,2020,0.89
SLB,Solomon Islands,2021,0.94
SLB,Solomon Islands,2022,1.61
SLB,Solomon Islands,2023,1.6
SLE,Sierra Leone,2000,4.16
SLE,Sierra Leone,2005,3.79
SLE,Sierra Leone,2010,4.54
SLE,Sierra Leone,2015,4.74
SLE,Sierra Leone,2019,3.2
SLE,Sierra Leone,2020,3.56
SLE,Sierra Leone,2021,3.66
SLE,Sierra Leone,2022,3.27
SLE,Sierra Leone,2023,3.21
SLV,El Salvador,2000,6.96
SLV,El Salvador,2005,7.22
SLV,El Salvador,2010,4.89
SLV,El Salvador,2015,4
SLV,El Salvador,2019,4.17
SLV,El Salvador,2020,5.01
SLV,El Salvador,2021,4.33
SLV,El Salvador,2022,3
SLV,El Salvador,2023,2.77
SOM,Somalia,2000,18.48
SOM,Somalia,2005,18.51
SOM,Somalia,2010,18.63
SOM,Somalia,2015,18.39
SOM,Somalia,2019,18.83
SOM,Somalia,2020,19.59
SOM,Somalia,2021,19.94
SOM,Somalia,2022,19.29
SOM,Somalia,2023,19.19
SRB,Serbia,2000,12.6
SRB,Serbia,2005,20.85
SRB,Serbia,2010,19.2
SRB,Serbia,2015,17.66
SRB,Serbia,2019,10.39
SRB,Serbia,2020,9.01
SRB,Serbia,2021,10.06
SRB,Serbia,2022,8.68
SRB,Serbia,2023,7.84
SSD,Sudan,2000,12.24
SSD,Sudan,2005,12.14
SSD,Sudan,2010,12.42
SSD,Sudan,2015,12.41
SSD,Sudan,2019,12.78
SSD,Sudan,2020,14.41
SSD,Sudan,2021,14.3
SSD,Sudan,2022,12.44
SSD,Sudan,2023,12.04
STP,Sao Tome and Principe,2000,14.4
STP,Sao Tome and Principe,2005,16.47
STP,Sao Tome and Principe,2010,14.67
STP,Sao Tome and Principe,2015,13.56
STP,Sao Tome and Principe,2019,14.08
STP,Sao Tome and Principe,2020,15.37
STP,Sao Tome and Principe,2021,15.41
STP,Sao Tome and Principe,2022,14.35
STP,Sao Tome and Principe,2023,14.24
SUR,Suriname,2000,12.97
SUR,Suriname,2005,9.26
SUR,Suriname,2010,7.15
SUR,Suriname,2015,7.22
SUR,Suriname,2019,7.55
SUR,Suriname,2020,8.74
SUR,Suriname,2021,8.53
SUR,Suriname,2022,8.23
SUR,Suriname,2023,8.02
SVK,Slovakia,2000,18.55
SVK,Slovakia,2005,16.28
SVK,Slovakia,2010,14.39
SVK,Slovakia,2015,11.49
SVK,Slovakia,2019,5.76
SVK,Slovakia,2020,6.72
SVK,Slovakia,2021,6.89
SVK,Slovakia,2022,6.14
SVK,Slovakia,2023,5.83
SVN,Slovenia,2000,6.92
SVN,Slovenia,2005,6.55
SVN,Slovenia,2010,7.26
SVN,Slovenia,2015,9
SVN,Slovenia,2019,4.45
SVN,Slovenia,2020,4.99
SVN,Slovenia,2021,4.74
SVN,Slovenia,2022,4.01
SVN,Slovenia,2023,3.52
SWE,Sweden,2000,5.47
SWE,Sweden,2005,7.49
SWE,Sweden,2010,8.61
SWE,Sweden,2015,7.43
SWE,Sweden,2019,6.83
SWE,Sweden,2020,8.29
SWE,Sweden,2021,8.72
SWE,Sweden,2022,7.39
SWE,Sweden,2023,7.74
SWZ,Eswatini,2000,24.62
SWZ,Eswatini,2005,27.25
SWZ,Eswatini,2010,26.87
SWZ,Eswatini,2015,23.26
SWZ,Eswatini,2019,22.54
SWZ,Eswatini,2020,24.77
SWZ,Eswatini,2021,24.37
SWZ,Eswatini,2022,22.64
SWZ,Eswatini,2023,22.19
SYR,Syria,2000,9.59
SYR,Syria,2005,8.82
SYR,Syria,2010,8.61
SYR,Syria,2015,14.25
SYR,Syria,2019,13.41
SYR,Syria,2020,15.28
SYR,Syria,2021,15.08
SYR,Syria,2022,13.81
SYR,Syria,2023,13.49
TCD,Chad,2000,0.78
TCD,Chad,2005,0.63
TCD,Chad,2010,0.84
TCD,Chad,2015,0.93
TCD,Chad,2019,1.06
TCD,Chad,2020,1.68
TCD,Chad,2021,1.59
TCD,Chad,2022,1.1
TCD,Chad,2023,0.99
TGO,Togo,2000,4.15
TGO,Togo,2005,4.13
TGO,Togo,2010,2.37
TGO,Togo,2015,2.2
TGO,Togo,2019,3.77
TGO,Togo,2020,4.17
TGO,Togo,2021,4.4
TGO,Togo,2022,3.85
TGO,Togo,2023,3.72
THA,Thailand,2000,2.39
THA,Thailand,2005,1.35
THA,Thailand,2010,0.62
THA,Thailand,2015,0.6
THA,Thailand,2019,0.72
THA,Thailand,2020,1.1
THA,Thailand,2021,1.21
THA,Thailand,2022,0.94
THA,Thailand,2023,0.89
TJK,Tajikistan,2000,14.97
TJK,Tajikistan,2005,12.99
TJK,Tajikistan,2010,10.84
TJK,Tajikistan,2015,7.55
TJK,Tajikistan,2019,6.89
TJK,Tajikistan,2020,7.3
TJK,Tajikistan,2021,7.47
TJK,Tajikistan,2022,7
TJK,Tajikistan,2023,6.9
TKM,Turkmenistan,2000,11.75
TKM,Turkmenistan,2005,7.45
TKM,Turkmenistan,2010,4
TKM,Turkmenistan,2015,4.02
TKM,Turkmenistan,2019,4.04
TKM,Turkmenistan,2020,4.55
TKM,Turkmenistan,2021,4.53
TKM,Turkmenistan,2022,4.13
TKM,Turkmenistan,2023,4.1
TLS,Timor-Leste,2000,3.58
TLS,Timor-Leste,2005,3.44
TLS,Timor-Leste,2010,3.3
TLS,Timor-Leste,2015,4.45
TLS,Timor-Leste,2019,3.08
TLS,Timor-Leste,2020,2.79
TLS,Timor-Leste,2021,2.34
TLS,Timor-Leste,2022,1.79
TLS,Timor-Leste,2023,1.79
TON,Tonga,2000,4.12
TON,Tonga,2005,2.56
TON,Tonga,2010,1.51
TON,Tonga,2015,2.02
TON,Tonga,2019,2.14
TON,Tonga,2020,2.73
TON,Tonga,2021,2.11
TON,Tonga,2022,2.43
TON,Tonga,2023,2.37
TTO,Trinidad and Tobago,2000,12.1
TTO,Trinidad and Tobago,2005,7.95
TTO,Trinidad and Tobago,2010,4.03
TTO,Trinidad and Tobago,2015,2.43
TTO,Trinidad and Tobago,2019,3.52
TTO,Trinidad and Tobago,2020,4.21
TTO,Trinidad and Tobago,2021,4.45
TTO,Trinidad and Tobago,2022,3.81
TTO,Trinidad and Tobago,2023,3.54
TUN,Tunisia,2000,14.94
TUN,Tunisia,2005,12.87
TUN,Tunisia,2010,13.05
TUN,Tunisia,2015,15.16
TUN,Tunisia,2019,17.15
TUN,Tunisia,2020,18.63
TUN,Tunisia,2021,18.52
TUN,Tunisia,2022,17.76
TUN,Tunisia,2023,17.72
TUR,Turkiye,2000,6.3
TUR,Turkiye,2005,10.63
TUR,Turkiye,2010,10.66
TUR,Turkiye,2015,10.24
TUR,Turkiye,2019,13.67
TUR,Turkiye,2020,13.11
TUR,Turkiye,2021,11.98
TUR,Turkiye,2022,10.43
TUR,Turkiye,2023,9.64
TZA,Tanzania,2000,3.15
TZA,Tanzania,2005,3.18
TZA,Tanzania,2010,3.05
TZA,Tanzania,2015,2.13
TZA,Tanzania,2019,2.44
TZA,Tanzania,2020,2.78
TZA,Tanzania,2021,2.87
TZA,Tanzania,2022,2.6
TZA,Tanzania,2023,2.56
UGA,Uganda,2000,3.54
UGA,Uganda,2005,1.9
UGA,Uganda,2010,3.63
UGA,Uganda,2015,2.79
UGA,Uganda,2019,3.11
UGA,Uganda,2020,3.81
UGA,Uganda,2021,3.42
UGA,Uganda,2022,2.94
UGA,Uganda,2023,2.85
UKR,Ukraine,2000,11.71
UKR,Ukraine,2005,7.18
UKR,Ukraine,2010,8.1
UKR,Ukraine,2015,9.14
UKR,Ukraine,2019,8.19
UKR,Ukraine,2020,9.48
UKR,Ukraine,2021,9.83
URY,Uruguay,2000,12.63
URY,Uruguay,2005,12.01
URY,Uruguay,2010,7.16
URY,Uruguay,2015,7.49
URY,Uruguay,2019,8.73
URY,Uruguay,2020,10.33
URY,Uruguay,2021,9.29
URY,Uruguay,2022,7.87
URY,Uruguay,2023,8.39
USA,United States,2000,3.99
USA,United States,2005,5.08
USA,United States,2010,9.63
USA,United States,2015,5.28
USA,United States,2019,3.67
USA,United States,2020,8.05
USA,United States,2021,5.35
USA,United States,2022,3.65
USA,United States,2023,3.65
UZB,Uzbekistan,2000,12.28
UZB,Uzbekistan,2005,7.07
UZB,Uzbekistan,2010,5.36
UZB,Uzbekistan,2015,5.15
UZB,Uzbekistan,2019,4.92
UZB,Uzbekistan,2020,5.29
UZB,Uzbekistan,2021,5.42
UZB,Uzbekistan,2022,4.51
UZB,Uzbekistan,2023,4.33
VCT,St. Vincent and the Grenadines,2000,20.79
VCT,St. Vincent and the Grenadines,2005,19.45
VCT,St. Vincent and the Grenadines,2010,19.93
VCT,St. Vincent and the Grenadines,2015,19.09
VCT,St. Vincent and the Grenadines,2019,19.19
VCT,St. Vincent and the Grenadines,2020,20.68
VCT,St. Vincent and the Grenadines,2021,20.45
VCT,St. Vincent and the Grenadines,2022,19.55
VCT,St. Vincent and the Grenadines,2023,18.59
VEN,"Venezuela, RB",2000,13.99
VEN,"Venezuela, RB",2005,10.66
VEN,"Venezuela, RB",2010,7.11
VEN,"Venezuela, RB",2015,6.08
VEN,"Venezuela, RB",2019,5.92
VEN,"Venezuela, RB",2020,7.53
VEN,"Venezuela, RB",2021,7.13
VEN,"Venezuela, RB",2022,5.62
VEN,"Venezuela, RB",2023,5.9
VIR,Virgin Islands ,2000,10.29
VIR,Virgin Islands ,2005,10.55
VIR,Virgin Islands ,2010,11.42
VIR,Virgin Islands ,2015,12.17
VIR,Virgin Islands ,2019,12.33
VIR,Virgin Islands ,2020,14.69
VIR,Virgin Islands ,2021,14.12
VIR,Virgin Islands ,2022,12.86
VIR,Virgin Islands ,2023,12.26
VNM,Viet Nam,2000,2.26
VNM,Viet Nam,2005,2.08
VNM,Viet Nam,2010,1.11
VNM,Viet Nam,2015,1.85
VNM,Viet Nam,2019,1.68
VNM,Viet Nam,2020,2.1
VNM,Viet Nam,2021,2.38
VNM,Viet Nam,2022,1.54
VNM,Viet Nam,2023,1.65
VUT,Vanuatu,2000,8.32
VUT,Vanuatu,2005,8.13
VUT,Vanuatu,2010,4.68
VUT,Vanuatu,2015,5.24
VUT,Vanuatu,2019,5.44
VUT,Vanuatu,2020,4.05
VUT,Vanuatu,2021,4.79
VUT,Vanuatu,2022,5.22
VUT,Vanuatu,2023,5.23
WSM,Samoa,2000,4.73
WSM,Samoa,2005,5.22
WSM,Samoa,2010,5.62
WSM,Samoa,2015,8.9
WSM,Samoa,2019,9.58
WSM,Samoa,2020,10.37
WSM,Samoa,2021,10.62
WSM,Samoa,2022,10.04
WSM,Samoa,2023,9.48
YEM,"Yemen, Rep.",2000,11.56
YEM,"Yemen, Rep.",2005,12.22
YEM,"Yemen, Rep.",2010,12.79
YEM,"Yemen, Rep.",2015,17.9
YEM,"Yemen, Rep.",2019,17.35
YEM,"Yemen, Rep.",2020,18.34
YEM,"Yemen, Rep.",2021,18.65
YEM,"Yemen, Rep.",2022,17.61
YEM,"Yemen, Rep.",2023,17.53
ZAF,South Africa,2000,20.07
ZAF,South Africa,2005,19.61
ZAF,South Africa,2010,23.18
ZAF,South Africa,2015,22.87
ZAF,South Africa,2019,25.54
ZAF,South Africa,2020,24.34
ZAF,South Africa,2021,28.77
ZAF,South Africa,2022,28.84
ZAF,South Africa,2023,28.4
ZMB,Zambia,2000,12.93
ZMB,Zambia,2005,15.9
ZMB,Zambia,2010,13.19
ZMB,Zambia,2015,8.34
ZMB,Zambia,2019,5.54
ZMB,Zambia,2020,6.03
ZMB,Zambia,2021,5.2
ZMB,Zambia,2022,4.37
ZMB,Zambia,2023,4.22
ZWE,Zimbabwe,2000,5.68
ZWE,Zimbabwe,2005,4.66
ZWE,Zimbabwe,2010,5.54
ZWE,Zimbabwe,2015,5.41
ZWE,Zimbabwe,2019,7.37
ZWE,Zimbabwe,2020,8.65
ZWE,Zimbabwe,2021,9.54
ZWE,Zimbabwe,2022,9.26
ZWE,Zimbabwe,2023,9.12
